#10	+	Pim	pm-27-june'26	%3AB
#11	:B	Pim	pm-27-june'26	"<b>@#$%^&*()_+}:""<>?</b>"
#11	:B	Pim	pm-27-june'26	"<b>@#$%^&*()_+}:""<>?"
#8	Ok+jessus+got+it	Pim	pm-27-june'26	Just+go+to+<a+href=build/alternative-editors>Alternative+Editors</a>
#10	asd	Sdf	pm-28-june'26	"hi <a href=https://porhub.com>how about it then.</a>

"
#11	asd	Sdf	pm-28-june'26	"hi <a href=https://wtf.com>how about it then.</a>

"
#10	Big time	Pim	pm-28-june'26	<div>Now I can finally introduce you, to the proper <a href=build/post-editor.html><b>Post Editor</b></a></div><div><br></div><div>&lt;iframe src=build/post-editor.html width=100% height=auto&gt;</div><div><br></div><div>now that i finally got this site working i can put my time into the fun stuff. (pls any feelings or thoughts)</div>
#11	mmmmm	Pim	am-29-june'26	<div>Hello</div><div><br></div><div>How badouts it. How about we take some time and write this out.&nbsp;<br><br>I've had a long day. I woke up really tired after yesterday. Did too much in stress mode. Today I've been able to come out of it a bit but still there hyping me up. I guess I got worried that I would get into a pattern where this tires me out and I hate it and stop. But that mindset is part of that cycle huh.</div><div><br></div><div>Gotta stop the guilt too. but also just break it by resting. I need habits about this..&nbsp; pls help</div>
