number	Title	User	date	Content
#1	Thank you Darin Higgins	Pim	27-may-'26	"I kept<em>meaning</em> to make a website, to catalogue stuff i've learned, to give back a bit. But I've just always been a chronic perfectionist. Which is step 1 to procrastinate. But on a sunny tuesday morning (last night) I found this beautiful 2012 webpage. URL:a href=https://darinhiggins.com/2012/06/09/how-to-force-a-single-instance-of-firefox/.>https://darinhiggins.com/2012/06/09/how-to-force-a-single-instance-of-firefox/</a> Header: Visual Basic Feng Shui. Problem: not quite the one i was having. Solution: well man, honestly click off here first.

This is a wonderful journey of solving, giving vaguesolution attempts, and realising The extension darin was trying to fix already had a setting to do that, which he missed. TLike it's not multipe edits, it's not a narrative. Just one cohesive narrated journey of oops. This sold me.<a id=hub-noteref[1] href=#hub-note[1]><sup>[1]</sup></a>

This was the motivation i was really missing,<em>to ramble</em>"
#2	Hi 	Me am gsoosdlsy 	am-26-june'26	My post
#3	Hi 	Me am gsoosdlsy 	pm-26-june'26	My post
#4	Hi 	Me am gsoosdlsya 	pm-26-june'26	My post
#5	Hi 	Me a gsoosdlsya 	pm-26-june'26	My post
#6	Hi 	Me a gssoosdlsya 	pm-26-june'26	My post
#7	Hi 	Me a gsoosdlsya 	pm-26-june'26	My post
#8	His 	Me a gsoosdlsya 	pm-26-june'26	My post
#9	His 	Me a gsoosdlsy 	pm-26-june'26	My post
#10	His 	Me agsoosdlsy 	pm-26-june'26	My post
#11	His 	Me a gsoosdlsy 	pm-26-june'26	My post
#12	His 	Me agsoosdlsy 	pm-26-june'26	My post
#13	His 	Me a gsoosdlsy 	pm-26-june'26	My post
#14	His 	Me agsoosdlsy 	pm-26-june'26	My post
#15	His 	Me a gsoosdlsy 	pm-26-june'26	My post
#16	His 	Me agsoosdlsy 	pm-26-june'26	My post
#17	His 	Me a gsoosdlsy 	pm-26-june'26	My post
#18	His 	Me agsoosdlsy 	pm-26-june'26	My post
#19	His 	Me a gsoosdlsy 	pm-26-june'26	My post
#20	His 	Me a gsoosdlsy 	pm-26-june'26	My post
#21	His 	Me a gsoosdlsy 	pm-26-june'26	My post
#22	His 	Me a gsoosdlsy 	pm-26-june'26	My post
#23	His 	Me a gsoosdlsy 	pm-26-june'26	My post
#24	His 	Me a gsoosdlsy 	pm-26-june'26	My post
#25	His 	Me a gsoosdlsy 	pm-26-june'26	My post
#26	His 	Me a gsoosdlsy 	pm-26-june'26	My post
